"Date","Facebook","Pinterest","Twitter","StumbleUpon","reddit","Tumblr","YouTube","Instagram","LinkedIn","Digg","MySpace","Fark","Google+","NowPublic","news.ycombinator.com","Delicious","VKontakte","Vimeo","Other"
2009-04,12.89,0,6.69,42.45,9.83,0,0,0,0,6.02,19.04,0.3,0,0.03,0.08,0.38,0,0,2.3
2009-05,15.88,0,10.45,42.55,9.1,0,0,0,0.27,6.85,11.06,0.65,0,0.04,0.12,0.46,0,0,2.57
2009-06,17.02,0,11.25,38.08,14.8,0,0,0,0.5,5.17,9.46,1.03,0,0.05,0.12,0.47,0,0,2.06
2009-07,19.08,0,10.55,43.41,11.64,0,0,0,0.4,5.05,6.86,0.34,0,0.05,0.15,0.43,0,0,2.04
2009-08,24.45,0,11.37,38.84,11.85,0,0,0,0.45,3.92,5.85,0.64,0,0.08,0.09,0.41,0,0,2.06
2009-09,27.51,0,11.45,39.14,7.14,0,0.14,0,0.56,4.96,5.67,0.53,0,0.2,0.11,0.4,0,0,2.19
2009-10,26.16,0,8.99,37.66,7.51,0,8.02,0,0.42,3.69,4.62,0.48,0,0.29,0.11,0.32,0,0.03,1.7
2009-11,32.61,0,7.63,35.55,7.86,0,7.41,0,0.33,2.48,3.93,0.27,0,0.1,0.1,0.29,0,0.02,1.42
2009-12,50.27,0,5.74,26.44,5.84,0,5.77,0,0.25,2.64,1.34,0.61,0,0.05,0.06,0.2,0,0.02,0.76
2010-01,48.04,0,5.96,30.14,5.77,0,4.83,0,0.25,2.94,0.61,0.38,0,0.08,0.08,0.24,0,0.02,0.65
2010-02,40.45,0,7.71,33.54,5.28,0,5.04,0,0.31,3.35,1.19,0.47,0,1.57,0.16,0.28,0,0.03,0.62
2010-03,30.93,0,8.74,41.04,6.31,0,4.41,0,0.36,2.17,2.96,0.56,0,1.43,0.17,0.35,0,0.06,0.5
2010-04,35.18,0,7.38,37.7,5.48,0,3.13,0,0.29,2.07,6.27,0.58,0,0.98,0.14,0.3,0,0.03,0.46
2010-05,39.62,0,6.84,35.13,5.89,0,3.46,0,0.25,1.87,4.66,0.56,0,0.9,0.15,0.26,0,0.03,0.38
2010-06,47.06,0,5.34,29.33,4.59,0,3.6,0,0.22,3.3,4.67,0.47,0,0.64,0.15,0.21,0,0.12,0.32
2010-07,47.04,0,5.7,28.39,4.7,0,4.33,0,0.23,3.5,3.89,0.56,0,0.57,0.12,0.22,0,0.42,0.33
2010-08,51.8,0,5.58,27.09,4.69,0,4.3,0,0.24,2.9,1.76,0.46,0,0.47,0.08,0.22,0,0.11,0.3
2010-09,44.66,0,6.42,32.36,6.05,0,5.5,0,0.3,1.99,0.89,0.44,0,0.57,0.12,0.25,0,0.04,0.44
2010-10,43.2,0,6.25,34.89,5.52,0,5.54,0,0.26,1.71,0.85,0.59,0,0.54,0.09,0.23,0,0.03,0.29
2010-11,41.32,0,6.06,37.65,6.03,0,5.21,0,0.25,1.27,0.47,0.54,0,0.57,0.11,0.23,0,0.03,0.25
2010-12,44.38,0,6.03,35.6,5.65,0,5.58,0,0.23,0.83,0.18,0.46,0,0.47,0.13,0.2,0,0.02,0.25
2011-01,48.26,0,5.4,33.49,5.25,0,5.1,0,0.26,0.76,0.12,0.44,0,0.41,0.11,0.16,0,0.02,0.21
2011-02,43.09,0,5.84,38.95,4.85,0,4.78,0,0.27,0.78,0.1,0.54,0,0.34,0.11,0.15,0,0.02,0.17
2011-03,63.59,0,3.45,25.79,3.21,0,2.62,0,0.16,0.43,0.06,0.24,0,0.18,0.06,0.09,0,0.01,0.1
2011-04,68.87,0,2.3,23.78,1.94,0,2.07,0,0.13,0.38,0.03,0.17,0,0.15,0.06,0.06,0,0.01,0.05
2011-05,51.76,0,3.34,36.86,3.47,0,3.13,0,0.23,0.53,0.04,0.18,0,0.2,0.08,0.09,0,0.01,0.06
2011-06,48.26,0,3.77,38.82,3.81,0,3.6,0,0.32,0.72,0.06,0.22,0,0.17,0.1,0.09,0,0.01,0.05
2011-07,40.01,0,3.59,46.54,4.21,0,3.67,0,0.35,0.43,0.03,0.43,0.31,0.18,0.08,0.08,0,0.01,0.05
2011-08,39.26,0,2.66,49.62,3.61,0,3.18,0,0.28,0.55,0.03,0.2,0.17,0.22,0.08,0.07,0,0.02,0.04
2011-09,36.83,0,4.32,49.6,4.72,0,2.96,0,0.26,0.38,0.07,0.27,0.1,0.31,0.05,0.07,0,0.01,0.04
2011-10,34.52,0,4.44,51.5,5.1,0,2.91,0,0.28,0.46,0.06,0.26,0.07,0.2,0.1,0.05,0,0.02,0.03
2011-11,36.53,0,4.97,49.4,4.33,0,3.45,0,0.22,0.47,0.03,0.18,0.07,0.16,0.07,0.05,0,0.02,0.04
2011-12,44.93,0,5.06,36.62,5.13,0,6.86,0,0.23,0.43,0.03,0.21,0.01,0.28,0.11,0.05,0,0.02,0.04
2012-01,50.06,0,5.58,30.8,5.95,0,6.16,0,0.35,0.42,0.02,0.28,0,0.16,0.09,0.05,0,0.03,0.04
2012-02,50.55,0,5.87,29.05,6.65,0,6.42,0,0.44,0.28,0.02,0.28,0,0.2,0.12,0.05,0,0.02,0.04
2012-03,51.03,7.01,5.78,22.16,5.93,0,6.64,0,0.33,0.43,0.02,0.26,0,0.17,0.11,0.04,0,0.03,0.05
2012-04,52.44,11.47,5.51,19.09,4.32,0,5.84,0,0.32,0.34,0.02,0.19,0,0.25,0.11,0.04,0,0.03,0.04
2012-05,50.9,11.17,5.18,16.75,5.81,0,9.03,0,0.34,0.25,0.01,0.19,0,0.19,0.08,0.03,0,0.02,0.04
2012-06,46.62,13.87,5.04,14.39,5.12,0,13.86,0,0.32,0.13,0.01,0.23,0,0.2,0.11,0.03,0,0.04,0.04
2012-07,50.03,15.15,4.97,13.1,4.66,0,10.99,0,0.28,0.19,0.01,0.21,0,0.21,0.1,0.03,0,0.05,0.03
2012-08,50.73,17.74,4.82,12.11,4.62,0,9.1,0,0.25,0.07,0.01,0.15,0,0.21,0.11,0.02,0,0.02,0.03
2012-09,46.79,23.19,4.48,11.38,5.78,0,7.59,0,0.26,0.05,0.01,0.19,0,0.14,0.06,0.02,0,0.02,0.04
2012-10,44.61,25.25,5.48,11.05,6.11,0,6.68,0,0.26,0.07,0.01,0.19,0,0.15,0.07,0.02,0,0.03,0.03
2012-11,47.67,25.71,5.02,9.82,5.69,0,5.2,0,0.22,0.06,0.01,0.27,0,0.16,0.09,0.02,0,0.04,0.03
2012-12,50.08,25.78,5.95,10.09,4.92,0,2.45,0,0.21,0.05,0.01,0.19,0,0.11,0.09,0.02,0,0.01,0.03
2013-01,47.88,29.59,6.19,9.06,4.64,0,1.9,0,0.22,0.05,0.01,0.21,0,0.11,0.09,0.01,0,0.01,0.03
2013-02,46.89,30.49,6.83,8.37,4.47,0,2.16,0,0.23,0.03,0.01,0.14,0.17,0.1,0.07,0,0,0.01,0.02
2013-03,45.33,30.69,8.27,7.87,4.83,0,2.19,0,0.23,0.05,0.01,0.18,0.23,0.07,0.03,0,0,0.01,0.03
2013-04,50.17,25.06,8.42,8.85,4.93,0,1.59,0,0.23,0.09,0.02,0.26,0.25,0.07,0,0.01,0,0.02,0.02
2013-05,53.15,21.6,8.47,8.51,5.49,0,1.94,0,0.25,0.04,0.02,0.22,0.19,0.06,0,0,0,0.02,0.04
2013-06,52.74,23,8.59,7.74,5,0,2.1,0,0.22,0.06,0.01,0.22,0.19,0.07,0,0,0.01,0.02,0.03
2013-07,49.07,25.77,9.76,7.99,4.64,0,1.91,0,0.24,0.08,0,0.21,0.22,0.08,0,0,0.01,0.02,0.02
2013-08,47.17,26.23,10.41,8.52,4.95,0,1.74,0,0.27,0.13,0.01,0.21,0.23,0.06,0,0.01,0.01,0.02,0.03
2013-09,44.5,28.12,11.17,8.2,5.59,0,1.54,0,0.24,0.07,0,0.19,0.24,0.05,0,0.01,0.01,0.02,0.04
2013-10,49.5,23.34,10.9,7.56,4.54,1.98,1.41,0,0.19,0.09,0,0.18,0.21,0.04,0,0.01,0,0.03,0.02
2013-11,50.11,20.1,7,6.25,3.02,11.97,0.99,0,0.11,0.06,0,0.16,0.17,0,0,0,0,0.03,0.01
2013-12,49.76,20.53,7.12,5.5,2.93,12.7,0.94,0,0.11,0.06,0,0.13,0.16,0,0,0,0,0.02,0.03
2014-01,51.93,22.2,5.83,4.68,3,11.07,0.83,0,0.13,0.06,0,0.08,0.16,0,0,0,0,0.02,0.01
2014-02,50.83,22.36,6.08,4.6,3.83,10.97,0.88,0,0.12,0.04,0,0.09,0.17,0,0,0,0,0.01,0.01
2014-03,50.44,23.06,6.45,4.12,3.22,11.5,0.73,0,0.1,0.06,0,0.1,0.18,0,0,0,0,0.01,0.02
2014-04,48.79,24.28,6.47,4.52,2.87,12.12,0.44,0,0.12,0.05,0,0.09,0.19,0,0.01,0,0.01,0.01,0.02
2014-05,48.69,24.04,6.75,4.93,3.3,11.11,0.72,0,0.08,0.06,0,0.09,0.19,0,0,0,0.01,0.01,0.01
2014-06,52.97,22.16,7.66,4.06,2.98,9.34,0.41,0,0.03,0.04,0,0.09,0.19,0,0,0.04,0.01,0.01,0.01
2014-07,51.86,24.82,8.94,3.72,3.29,6.26,0.6,0,0.08,0.03,0,0.1,0.24,0,0.03,0,0.01,0.02,0.01
2014-08,56.82,23.19,7.97,3.59,3.8,3.9,0.25,0,0.08,0.03,0,0.08,0.22,0,0.02,0.01,0.02,0.02,0.01
2014-09,61.4,20.42,7.03,2.6,4.66,3.12,0.37,0,0.08,0.02,0,0.06,0.18,0,0.03,0,0.02,0.01,0.01
2014-10,61.86,22.5,6.23,2.38,2.77,3.36,0.39,0,0.09,0.04,0,0.05,0.2,0,0.02,0,0.1,0.01,0.01
2014-11,64.34,22.32,5.27,2.22,2.52,2.8,0.17,0,0.06,0.01,0,0.04,0.19,0,0.03,0,0.01,0.01,0.01
2014-12,67.44,20.04,5.25,1.93,2.3,2.61,0.08,0,0.05,0.02,0,0.04,0.2,0,0.02,0.01,0.01,0.01,0.01
2015-01,68.09,20.14,4.53,2.11,2.13,2.54,0.04,0,0.05,0.03,0,0.05,0.21,0,0.03,0,0.02,0.01,0
2015-02,68.42,17.82,5.15,2.85,2.61,2.67,0.04,0,0.07,0.03,0,0.06,0.23,0,0.03,0,0.01,0.01,0.01
2015-03,71.23,15.61,4.42,1.76,2.69,3.89,0.04,0,0.04,0.01,0,0.04,0.23,0,0.01,0,0.01,0,0
2015-04,73.81,14.57,4.77,1.91,2.01,2.43,0.05,0,0.05,0.02,0,0.05,0.22,0,0.04,0,0.07,0,0
2015-05,73.11,15.13,4.77,1.74,2.2,2.55,0.06,0,0.05,0.02,0,0.04,0.27,0,0.03,0,0.02,0,0
2015-06,73.71,14.91,4.61,1.74,2.01,2.56,0.06,0,0.04,0.02,0,0.07,0.24,0,0.02,0,0,0,0
2015-07,71.59,16.08,5.08,1.73,2.31,2.73,0.08,0,0.05,0.01,0,0.03,0.25,0,0.04,0,0.01,0,0
2015-08,69.21,17.46,5.78,1.82,2.27,2.85,0.11,0,0.09,0.02,0,0.03,0.32,0,0.02,0,0.01,0,0
2015-09,69.32,17.19,5.86,1.76,2.48,2.72,0.1,0,0.11,0.01,0.01,0.03,0.35,0,0.02,0,0.02,0,0.02
2015-10,68.28,18.06,5.77,1.65,2.54,3.08,0.07,0,0.13,0.01,0.03,0.04,0.26,0,0.02,0,0.01,0,0.07
2015-11,68.94,18.98,5.18,1.53,2.39,2.45,0.12,0,0.07,0.01,0.01,0.02,0.25,0,0.02,0,0.01,0,0.02
2015-12,69.01,18.56,5.66,1.42,2.2,2.51,0.2,0,0.08,0.01,0,0.03,0.25,0,0.03,0,0.01,0,0.01
2016-01,70.56,18.11,5.21,1.36,1.83,2.25,0.26,0,0.09,0.01,0,0.03,0.24,0,0.01,0,0.01,0,0.01
2016-02,71.59,16.74,6.14,1.26,1.64,2.06,0.18,0,0.13,0.01,0,0.07,0.15,0,0.02,0,0.01,0,0
2016-03,73.35,13.09,6.62,1.42,2.08,2.64,0.28,0,0.19,0.02,0,0.11,0.16,0,0.02,0,0.02,0,0
2016-04,74.38,11.86,6.72,1.27,2.33,2.62,0.31,0,0.17,0.01,0,0.08,0.17,0,0.04,0,0.03,0,0
2016-05,69.26,17.84,6.45,1.25,1.93,2.56,0.25,0,0.15,0.01,0,0.08,0.16,0,0.03,0,0.02,0,0
2016-06,69.19,17.71,6.73,1.13,1.8,2.66,0.29,0,0.16,0.01,0,0.13,0.15,0,0.02,0,0.01,0,0
2016-07,69.55,17.89,6.51,1.23,1.52,2.55,0.21,0,0.16,0.01,0,0.21,0.12,0,0.02,0,0.01,0,0
2016-08,67.58,19.27,6.97,1.19,1.52,2.66,0.17,0,0.15,0.01,0,0.27,0.13,0,0.03,0,0.07,0,0
2016-09,67.83,19.82,6.7,1.09,1.54,2.42,0.1,0,0.14,0.02,0,0.19,0.11,0,0.02,0,0.03,0,0
2016-10,69.28,20.18,5.49,0.91,1.33,2.05,0.08,0.15,0.12,0.01,0,0.28,0.08,0,0.02,0,0.02,0,0
2016-11,71.99,18.21,4.74,0.86,1.03,1.82,0.09,0.75,0.15,0.01,0,0.21,0.07,0,0.02,0,0.03,0,0
2016-12,65.26,23.26,5.47,0.96,1.09,2.33,0.15,1.02,0.17,0.01,0,0.16,0.09,0,0.02,0,0.01,0,0
2017-01,68.83,20.58,5.44,0.8,1.05,1.97,0.14,0.82,0.14,0.01,0,0.1,0.08,0,0.02,0,0.01,0.01,0
2017-02,70.5,18.91,5.7,0.72,1.04,1.91,0.11,0.72,0.14,0.01,0,0.12,0.07,0,0.02,0,0.01,0.02,0
2017-03,74.83,15.62,5.27,0.6,0.99,1.47,0.08,0.77,0.14,0.01,0,0.12,0.06,0,0.02,0,0.02,0.01,0
2017-04,68.73,19.97,6.2,0.71,0.92,1.67,0.25,1.09,0.16,0.01,0,0.13,0.09,0,0.03,0,0.03,0,0
2017-05,74.3,14.52,6.68,0.68,0.94,1.23,0.45,0.73,0.17,0.01,0,0.16,0.08,0,0.02,0,0.03,0,0
2017-06,77.97,13.16,5.12,0.44,0.63,0.98,0.53,0.79,0.17,0.01,0,0.1,0.07,0,0.02,0,0.02,0,0
2017-07,75.09,14.86,5.76,0.5,0.63,1.04,0.78,0.98,0.16,0.01,0,0.1,0.06,0,0.02,0,0.03,0,0
2017-08,77.84,13.4,4.66,0.47,0.74,0.78,0.88,0.81,0.18,0.01,0,0.09,0.08,0,0.01,0,0.04,0,0
2017-09,74.96,15.41,4.75,0.53,1.19,0.86,0.79,1.08,0.23,0.01,0,0.04,0.11,0,0.02,0,0.03,0,0
2017-10,74.69,15.66,5.17,0.44,1.16,0.79,0.76,0.91,0.21,0.01,0,0.03,0.11,0,0.02,0,0.03,0,0
2017-11,72.05,17.8,5.17,0.47,0.87,0.8,1.07,1.35,0.27,0.01,0,0.02,0.07,0,0.02,0,0.04,0,0
2017-12,75.82,15.88,4.25,0.32,0.67,0.63,1.05,0.96,0.16,0,0,0.03,0.05,0,0.01,0,0.15,0,0
2018-01,76.66,15.18,4.04,0.37,0.59,0.64,0.99,1.2,0.12,0,0,0.06,0.05,0,0.02,0,0.07,0,0
2018-02,79.28,13.6,3.73,0.31,0.49,0.61,0.92,0.85,0.12,0,0,0.03,0.04,0,0.01,0,0.01,0,0
2018-03,63.83,23.93,5.87,0.55,0.88,1.14,1.76,1.56,0.28,0.01,0,0.04,0.1,0,0.03,0,0.01,0,0
2018-04,47.56,35.03,8.61,0.67,1.38,1.49,2.67,1.74,0.37,0,0,0.06,0.3,0,0.03,0,0.08,0,0
2018-05,48.79,35,8.12,0.64,1,1.44,2.3,1.96,0.38,0,0,0.07,0.13,0,0.04,0,0.1,0,0
2018-06,45.85,36.38,9.05,0.61,1.03,1.57,2.54,2.2,0.44,0,0,0.07,0.2,0,0.02,0,0.04,0,0
2018-07,52.33,33.29,7.56,0.29,0.66,1.22,2.03,1.92,0.44,0,0,0.06,0.13,0,0.02,0,0.04,0,0
2018-08,60.6,27.05,6.86,0,0.58,1.12,1.66,1.58,0.35,0,0,0.05,0.09,0,0.03,0,0.02,0,0
2018-09,58.53,26.14,9.91,0,0.58,1.3,1.49,1.55,0.34,0,0,0.04,0.08,0,0.01,0,0.03,0,0
2018-10,56.44,27.28,10.84,0.01,0.52,1.52,1.49,1.47,0.22,0,0,0.05,0.1,0,0.02,0,0.03,0,0
2018-11,57.82,29.03,6.91,0,0.67,1.57,1.65,1.83,0.3,0.01,0,0.03,0.14,0,0.02,0,0.02,0,0
2018-12,51.98,35.03,7.14,0,1.5,1.32,1.27,1.31,0.3,0,0,0.06,0.06,0,0.01,0,0.02,0,0
2019-01,47.82,35.22,9.07,0,3.84,1.02,1.3,1.24,0.32,0,0,0.03,0.08,0,0.02,0,0.03,0,0
2019-02,53.26,31.04,6.39,0,5.23,0.94,1.26,1.27,0.37,0,0,0.08,0.08,0,0.06,0,0.02,0,0
2019-03,48.89,36.92,7.53,0,2.15,0.92,1.31,1.87,0.23,0,0,0.06,0.07,0,0.02,0,0.03,0.01,0
2019-04,48.31,37.26,7.39,0,1.78,0.99,1.6,2.17,0.27,0,0,0.08,0.03,0,0.06,0,0.04,0.02,0
2019-05,46.25,29.37,7.94,0,11.9,0.93,1.41,1.77,0.29,0,0,0.07,0,0,0.02,0,0.03,0.01,0
2019-06,54.38,32.66,8,0,0.49,1.04,1.53,1.48,0.26,0.01,0,0.08,0,0,0.03,0,0.03,0.01,0
2019-07,50.87,35.9,7.81,0,0.56,1.04,1.6,1.87,0.25,0.01,0,0.04,0,0,0.01,0,0.03,0.01,0
2019-08,53.6,34.55,7.11,0,0.72,0.92,1.33,1.42,0.22,0.01,0,0.06,0,0,0.01,0,0.03,0.01,0
2019-09,55.75,30.57,7.82,0,0.45,0.79,1.25,2.98,0.3,0,0,0.03,0,0,0.03,0,0.03,0,0
2019-10,51.28,22.77,15.12,0,0.51,0.67,1.4,7.86,0.26,0,0,0.03,0.01,0,0.04,0,0.02,0.01,0
2019-11,49.67,22.18,17.28,0,0.45,0.56,1.29,8.23,0.19,0,0,0.03,0,0,0.02,0,0.09,0.01,0
2019-12,50.67,19.18,19.04,0,0.46,0.49,1.16,8.8,0.13,0,0,0.02,0,0,0.02,0,0.03,0.01,0
2020-01,42.33,20.7,23.47,0,0.51,0.55,1.32,10.86,0.17,0,0,0.02,0.01,0,0.02,0,0.02,0.01,0
2020-02,43.35,18.37,24.08,0,0.47,0.51,1.31,11.69,0.16,0.01,0,0.02,0,0,0.01,0,0.03,0,0
2020-03,42.08,16.11,25.69,0,0.45,0.5,1.34,13.57,0.21,0,0,0.03,0,0,0.01,0,0.01,0,0
2020-04,38.24,19.56,25.54,0,0.59,0.55,1.54,13.73,0.19,0,0,0.02,0,0,0.02,0,0.01,0.01,0
2020-05,55.89,29.86,9.01,0,0.71,0.89,1.82,1.41,0.3,0,0,0.06,0,0,0.03,0,0.01,0.01,0
2020-06,61.99,24.28,9.42,0,0.65,1.01,1.59,0.71,0.28,0,0,0.04,0,0,0.02,0,0.01,0,0
2020-07,61.34,23.61,10.55,0,0.69,0.81,1.73,0.84,0.32,0,0,0.04,0.01,0,0.04,0,0.01,0,0
2020-08,62.89,22.24,10.46,0,0.57,0.86,1.66,0.85,0.4,0,0,0.04,0,0,0.02,0,0.01,0,0
2020-09,63.39,21.1,10.84,0,0.58,1.03,1.67,0.94,0.35,0,0,0.04,0,0,0.04,0,0.01,0,0
2020-10,60.51,21.03,14.43,0,0.62,0.74,1.46,0.76,0.37,0,0,0.04,0,0,0.03,0,0.01,0,0
2020-11,51.72,21.66,21.96,0,0.49,0.7,1.44,1.41,0.53,0,0,0.04,0,0,0.04,0,0.01,0,0
2020-12,56.73,22.57,16.56,0,0.49,0.49,1.36,1.23,0.46,0,0,0.06,0,0,0.05,0,0.01,0,0
2021-01,60.68,20.02,14.47,0,0.65,0.56,1.56,1.56,0.42,0,0,0.04,0,0,0.02,0,0.01,0,0
2021-02,65.83,16.85,11.31,0,0.68,0.6,1.7,2.28,0.59,0,0,0.07,0,0,0.06,0,0.01,0,0
2021-03,65.8,17.6,10.45,0,0.66,0.49,1.7,2.79,0.4,0,0,0.06,0,0,0.04,0,0.01,0,0
2021-04,67.27,15.34,10.17,0,0.77,0.57,1.74,3.45,0.53,0,0,0.08,0,0,0.06,0,0.01,0,0
2021-05,71.78,12.4,9.15,0,0.77,0.44,1.63,3.28,0.4,0,0,0.07,0,0,0.05,0,0.01,0,0
2021-06,71.3,11.16,9.97,0,0.63,0.48,1.59,4.38,0.38,0,0,0.09,0,0,0.01,0,0.01,0,0
2021-07,76.16,9.46,7.76,0,0.78,0.52,1.36,3.54,0.31,0,0,0.06,0,0,0.05,0,0.01,0,0
2021-08,73.55,10.21,9.25,0,0.91,0.65,1.49,3.45,0.34,0,0,0.12,0,0,0.01,0,0.01,0,0
2021-09,68.86,12.34,10.3,0.01,1.01,0.57,1.64,4.66,0.47,0,0,0.08,0,0,0.03,0,0.01,0.02,0.01
2021-10,70.81,11.53,8.89,0.01,1.11,0.43,1.51,5.21,0.37,0,0,0.08,0,0,0.03,0,0.01,0.01,0
2021-11,66.72,12.19,10.99,0,1.62,0.39,1.6,5.92,0.36,0,0,0.08,0,0,0.08,0,0.01,0.03,0
2021-12,70.56,11.27,9.65,0,1.18,0.34,1.35,5.21,0.33,0,0,0.06,0,0,0.02,0,0.01,0.02,0
2022-01,73.48,9.18,8.44,0,1.04,0.3,1.4,5.68,0.36,0,0,0.05,0,0,0.04,0,0.01,0.01,0
2022-02,71.85,9.95,8.62,0,1.06,0.3,1.38,6.36,0.3,0,0,0.1,0,0,0.04,0,0.01,0.01,0
2022-03,70.54,9.6,8.62,0,1.09,0.3,1.44,7.91,0.41,0,0,0.05,0,0,0.01,0,0.01,0.01,0
2022-04,73.34,8.74,8.15,0.01,0.9,0.26,1.34,6.82,0.32,0,0,0.03,0,0,0.05,0,0.01,0,0.01
2022-05,73.72,8.23,9.74,0,1.15,0.24,1.25,5.35,0.2,0,0,0.07,0,0,0.04,0,0.01,0,0.01
2022-06,71.28,8.55,9.84,0.01,1.27,0.26,1.25,7.19,0.22,0,0,0.05,0,0,0.05,0,0.01,0,0.01
2022-07,71.98,8.09,9.61,0.01,1.19,0.25,1.25,7.3,0.22,0,0,0.05,0,0,0.03,0,0.01,0,0.01
2022-08,68.3,8.85,10.61,0.01,1.48,0.24,1.62,8.35,0.38,0,0,0.09,0,0,0.03,0,0.01,0.02,0.01
2022-09,64.21,12.11,10.93,0.01,1.53,0.23,1.58,8.89,0.39,0,0,0.07,0,0,0.04,0,0.01,0,0.01
2022-10,56.86,15.34,12.84,0.01,1.11,0.3,2.17,10.86,0.38,0,0,0.07,0,0,0.05,0,0.01,0,0.01
2022-11,51.83,16.25,13.25,0.01,1.94,0.45,2.14,13.49,0.45,0,0,0.09,0,0,0.1,0,0.01,0,0.01
2022-12,49.93,15.85,14.87,0.01,1.55,0.31,2.13,14.84,0.37,0,0,0.09,0,0,0.04,0,0.01,0,0.01
2023-01,52.67,12.67,18.87,0.01,1.06,0.29,2.02,11.64,0.68,0,0,0.04,0,0,0.03,0,0.01,0,0.03
2023-02,55.1,12.34,16.48,0.02,0.92,0.29,1.94,12.26,0.49,0,0,0.06,0,0,0.05,0,0.01,0,0.02
2023-03,53.09,12.77,16.25,0.03,0.91,0.28,2.08,13.85,0.6,0,0,0.06,0,0,0.04,0,0.01,0,0.03
2023-04,51.95,11.46,19.47,0.02,0.96,0.27,1.86,13.38,0.49,0,0,0.07,0,0,0.04,0,0.01,0,0.02
2023-05,50.87,10.75,19.74,0.01,0.95,0.35,1.99,14.72,0.49,0,0,0.07,0,0,0.02,0,0.02,0,0.01
2023-06,48.25,10.01,21.83,0.01,0.92,0.29,2.12,15.91,0.53,0,0,0.07,0,0,0.03,0,0.02,0,0.02
2023-07,52.09,13.45,14.49,0,1.38,0.27,1.91,15.78,0.53,0,0.01,0.05,0,0,0,0,0.02,0,0.02
2023-08,49.9,14.69,14.63,0,1.66,0.26,2.29,15.85,0.62,0,0,0.08,0,0,0,0,0.01,0,0
2023-09,49.56,16.66,14.67,0.01,1.18,0.24,2.02,14.96,0.61,0,0,0.05,0,0,0,0,0.03,0,0.01
2023-10,47.96,20.13,13.81,0.01,0.7,0.25,2.27,14.04,0.74,0,0,0.07,0,0,0,0,0.01,0,0
2023-11,41.98,25.66,13.43,0,1.45,0.27,2.28,13.98,0.87,0,0,0.07,0,0,0,0,0.01,0,0
2023-12,47.74,25.52,11.56,0,1.48,0.24,2.11,10.36,0.88,0,0,0.09,0,0,0.01,0,0.01,0,0
